ERI Job Id,Position,Database,Category,No. of Incumbents,Mean,10th Percentile,25th Percentile,Median,75th Percentile,90th Percentile,Rate of Error
1,Chief Executive Officer,Public Databases,Annual Salary,," 211,702 "," 74,694 "," 145,476 "," 209,409 "," 315,161 "," 419,865 ",
1,Chief Executive Officer,Public Databases,Incentive/Variable Pay,," 154,354 "," 54,519 "," 102,727 "," 152,848 "," 231,148 "," 306,459 ",
1,Chief Executive Officer,Public Databases,Total Direct Annual Compensation,," 366,056 "," 129,213 "," 248,203 "," 362,257 "," 546,309 "," 726,324 ",0.5
1,Chief Executive Officer,ERI Assessor Databases,Annual Salary,," 439,778 "," 213,183 "," 317,180 "," 435,068 "," 588,321 "," 723,517 ",
1,Chief Executive Officer,ERI Assessor Databases,Incentive/Variable Pay,," 261,969 "," 127,081 "," 189,076 "," 259,349 "," 350,706 "," 431,298 ",
1,Chief Executive Officer,ERI Assessor Databases,Total Direct Annual Compensation,," 701,747 "," 340,264 "," 506,256 "," 694,417 "," 939,027 "," 1,154,815 ",
1,Chief Executive Officer,Survey Participant Databases,Annual Salary,," 416,519 "," 84,062 "," 198,928 "," 318,352 "," 1,081,472 "," 1,815,464 ",
1,Chief Executive Officer,Survey Participant Databases,Incentive/Variable Pay,," 296,545 "," 1,305 "," 5,363 "," 9,583 "," 2,767,008 "," 5,419,184 ",
1,Chief Executive Officer,Survey Participant Databases,Total Direct Annual Compensation,224," 713,064 "," 85,367 "," 204,291 "," 327,935 "," 3,848,480 "," 7,234,648 ",4.4
5,Chief Human Resources Officer,Public Databases,Annual Salary,," 283,454 "," 142,060 "," 200,562 "," 280,447 "," 422,073 "," 562,296 ",
5,Chief Human Resources Officer,Public Databases,Incentive/Variable Pay,," 50,304 "," 25,244 "," 37,301 "," 49,835 "," 75,365 "," 99,919 ",
5,Chief Human Resources Officer,Public Databases,Total Direct Annual Compensation,," 333,758 "," 167,304 "," 237,863 "," 330,282 "," 497,438 "," 662,215 ",0.3
5,Chief Human Resources Officer,ERI Assessor Databases,Annual Salary,," 218,581 "," 121,012 "," 165,577 "," 216,093 "," 281,765 "," 339,698 ",
5,Chief Human Resources Officer,ERI Assessor Databases,Incentive/Variable Pay,," 54,229 "," 30,065 "," 41,136 "," 53,687 "," 70,002 "," 84,396 ",
5,Chief Human Resources Officer,ERI Assessor Databases,Total Direct Annual Compensation,," 272,810 "," 151,077 "," 206,713 "," 269,780 "," 351,767 "," 424,094 ",
5,Chief Human Resources Officer,Survey Participant Databases,Annual Salary,," 253,972 "," 25,770 "," 125,898 "," 230,000 "," 560,098 "," 877,596 ",
5,Chief Human Resources Officer,Survey Participant Databases,Incentive/Variable Pay,," 187,664 "," 2,400 "," 59,313 "," 118,485 "," 641,634 "," 1,144,814 ",
5,Chief Human Resources Officer,Survey Participant Databases,Total Direct Annual Compensation,129," 441,636 "," 28,170 "," 185,211 "," 348,485 "," 1,201,732 "," 2,022,410 ",4
6,Chief Financial Officer,Public Databases,Annual Salary,," 326,324 "," 158,664 "," 229,691 "," 322,889 "," 485,948 "," 647,392 ",
6,Chief Financial Officer,Public Databases,Incentive/Variable Pay,," 71,915 "," 35,001 "," 52,763 "," 71,229 "," 107,718 "," 142,814 ",
6,Chief Financial Officer,Public Databases,Total Direct Annual Compensation,," 398,239 "," 193,665 "," 282,454 "," 394,118 "," 593,666 "," 790,206 ",0.3
6,Chief Financial Officer,ERI Assessor Databases,Annual Salary,," 282,266 "," 145,150 "," 207,949 "," 279,135 "," 371,677 "," 453,315 ",
6,Chief Financial Officer,ERI Assessor Databases,Incentive/Variable Pay,," 114,742 "," 59,069 "," 84,625 "," 113,595 "," 151,255 "," 184,478 ",
6,Chief Financial Officer,ERI Assessor Databases,Total Direct Annual Compensation,," 397,008 "," 204,219 "," 292,574 "," 392,730 "," 522,932 "," 637,793 ",
6,Chief Financial Officer,Survey Participant Databases,Annual Salary,," 265,538 "," 75,476 "," 156,983 "," 241,724 "," 539,532 "," 825,972 ",
6,Chief Financial Officer,Survey Participant Databases,Incentive/Variable Pay,," 130,408 "," 2,400 "," 6,180 "," 10,109 "," 1,265,825 "," 2,473,612 ",
6,Chief Financial Officer,Survey Participant Databases,Total Direct Annual Compensation,222," 395,946 "," 77,876 "," 163,163 "," 251,833 "," 1,805,357 "," 3,299,584 ",4
52,Operations Manager,Public Databases,Annual Salary,," 93,682 "," 55,085 "," 70,619 "," 92,570 "," 122,655 "," 140,706 ",
52,Operations Manager,Public Databases,Incentive/Variable Pay,,  ," 6,632 "," 8,845 "," 11,145 "," 14,100 "," 16,941 ",
52,Operations Manager,Public Databases,Total Direct Annual Compensation,," 93,682 "," 61,717 "," 79,464 "," 103,715 "," 136,755 "," 157,647 ",
52,Operations Manager,ERI Assessor Databases,Annual Salary,," 118,396 "," 95,715 "," 105,662 "," 116,953 "," 131,595 "," 144,526 ",
52,Operations Manager,ERI Assessor Databases,Incentive/Variable Pay,," 8,391 "," 6,811 "," 7,512 "," 8,306 "," 9,340 "," 10,251 ",
52,Operations Manager,ERI Assessor Databases,Total Direct Annual Compensation,," 126,787 "," 102,526 "," 113,174 "," 125,259 "," 140,935 "," 154,777 ",
52,Operations Manager,Survey Participant Databases,Annual Salary,," 81,260 "," 33,771 "," 50,476 "," 67,844 "," 206,039 "," 338,958 ",
52,Operations Manager,Survey Participant Databases,Incentive/Variable Pay,," 12,458 ", 193 ," 5,148 "," 10,300 "," 44,224 "," 76,852 ",
52,Operations Manager,Survey Participant Databases,Total Direct Annual Compensation,"1,602"," 93,718 "," 33,964 "," 55,624 "," 78,144 "," 250,263 "," 415,810 ",1.3
91,Customer Service Manager,Public Databases,Annual Salary,," 102,610 "," 62,210 "," 77,822 "," 101,407 "," 134,066 "," 153,662 ",
91,Customer Service Manager,Public Databases,Incentive/Variable Pay,,  ," 4,224 "," 5,529 "," 6,886 "," 8,694 "," 10,433 ",
91,Customer Service Manager,Public Databases,Total Direct Annual Compensation,," 102,610 "," 66,434 "," 83,351 "," 108,293 "," 142,760 "," 164,095 ",
91,Customer Service Manager,ERI Assessor Databases,Annual Salary,," 100,956 "," 83,575 "," 91,123 "," 99,693 "," 110,800 "," 120,610 ",
91,Customer Service Manager,ERI Assessor Databases,Incentive/Variable Pay,," 8,429 "," 7,009 "," 7,634 "," 8,344 "," 9,265 "," 10,080 ",
91,Customer Service Manager,ERI Assessor Databases,Total Direct Annual Compensation,," 109,385 "," 90,584 "," 98,757 "," 108,037 "," 120,065 "," 130,690 ",
91,Customer Service Manager,Survey Participant Databases,Annual Salary,," 73,535 "," 37,518 "," 51,443 "," 65,920 "," 118,624 "," 169,315 ",
91,Customer Service Manager,Survey Participant Databases,Incentive/Variable Pay,," 11,337 "," 1,003 "," 4,093 "," 7,305 "," 28,044 "," 47,991 ",
91,Customer Service Manager,Survey Participant Databases,Total Direct Annual Compensation,390," 84,872 "," 38,521 "," 55,536 "," 73,225 "," 146,668 "," 217,306 ",1.8
100,Dispatcher,Public Databases,Annual Salary,," 48,957 "," 32,265 "," 38,372 "," 48,286 "," 62,133 "," 70,441 ",
100,Dispatcher,Public Databases,Incentive/Variable Pay,,  , 500 , 622 , 748 , 923 ," 1,091 ",
100,Dispatcher,Public Databases,Total Direct Annual Compensation,," 48,957 "," 32,765 "," 38,994 "," 49,034 "," 63,056 "," 71,532 ",
100,Dispatcher,ERI Assessor Databases,Annual Salary,," 47,174 "," 40,418 "," 43,248 "," 46,457 "," 50,628 "," 54,308 ",
100,Dispatcher,ERI Assessor Databases,Incentive/Variable Pay,, 759 , 654 , 699 , 751 , 819 , 878 ,
100,Dispatcher,ERI Assessor Databases,Total Direct Annual Compensation,," 47,933 "," 41,072 "," 43,947 "," 47,208 "," 51,447 "," 55,186 ",
100,Dispatcher,Survey Participant Databases,Annual Salary,," 89,828 "," 19,322 "," 44,892 "," 71,477 "," 117,045 "," 160,873 ",
100,Dispatcher,Survey Participant Databases,Incentive/Variable Pay,," 6,011 ", 111 ," 3,141 "," 6,291 "," 7,998 "," 9,641 ",
100,Dispatcher,Survey Participant Databases,Total Direct Annual Compensation,"1,196"," 95,839 "," 19,433 "," 48,033 "," 77,768 "," 125,043 "," 170,514 ",1.5
101,Customer Service Representative (General Calls),Public Databases,Annual Salary,," 49,961 "," 33,503 "," 39,541 "," 49,286 "," 62,695 "," 70,740 ",
101,Customer Service Representative (General Calls),Public Databases,Incentive/Variable Pay,,  , 609 , 751 , 897 ," 1,096 "," 1,287 ",
101,Customer Service Representative (General Calls),Public Databases,Total Direct Annual Compensation,," 49,961 "," 34,112 "," 40,292 "," 50,183 "," 63,791 "," 72,027 ",
101,Customer Service Representative (General Calls),ERI Assessor Databases,Annual Salary,," 41,054 "," 34,711 "," 37,374 "," 40,396 "," 44,316 "," 47,778 ",
101,Customer Service Representative (General Calls),ERI Assessor Databases,Incentive/Variable Pay,," 1,341 "," 1,141 "," 1,227 "," 1,326 "," 1,455 "," 1,567 ",
101,Customer Service Representative (General Calls),ERI Assessor Databases,Total Direct Annual Compensation,," 42,395 "," 35,852 "," 38,601 "," 41,722 "," 45,771 "," 49,345 ",
101,Customer Service Representative (General Calls),Survey Participant Databases,Annual Salary,," 43,828 "," 22,192 "," 31,771 "," 41,731 "," 60,921 "," 79,377 ",
101,Customer Service Representative (General Calls),Survey Participant Databases,Incentive/Variable Pay,," 3,101 ", 543 ," 1,572 "," 2,642 "," 6,414 "," 10,042 ",
101,Customer Service Representative (General Calls),Survey Participant Databases,Total Direct Annual Compensation,"1,163"," 46,929 "," 22,735 "," 33,343 "," 44,373 "," 67,335 "," 89,419 ",0.6
228,Warehouse Supervisor,Public Databases,Annual Salary,," 73,481 "," 46,879 "," 56,793 "," 72,571 "," 94,663 "," 107,918 ",
228,Warehouse Supervisor,Public Databases,Incentive/Variable Pay,,  ," 1,359 "," 1,725 "," 2,105 "," 2,627 "," 3,129 ",
228,Warehouse Supervisor,Public Databases,Total Direct Annual Compensation,," 73,481 "," 48,238 "," 58,518 "," 74,676 "," 97,290 "," 111,047 ",
228,Warehouse Supervisor,ERI Assessor Databases,Annual Salary,," 65,127 "," 54,592 "," 59,107 "," 64,225 "," 70,879 "," 76,749 ",
228,Warehouse Supervisor,ERI Assessor Databases,Incentive/Variable Pay,," 2,155 "," 1,813 "," 1,964 "," 2,134 "," 2,355 "," 2,550 ",
228,Warehouse Supervisor,ERI Assessor Databases,Total Direct Annual Compensation,," 67,282 "," 56,405 "," 61,071 "," 66,359 "," 73,234 "," 79,299 ",
228,Warehouse Supervisor,Survey Participant Databases,Annual Salary,," 58,463 "," 32,014 "," 45,246 "," 59,004 "," 87,593 "," 115,090 ",
228,Warehouse Supervisor,Survey Participant Databases,Incentive/Variable Pay,," 4,265 ", 134 ," 2,010 "," 3,961 "," 7,192 "," 10,300 ",
228,Warehouse Supervisor,Survey Participant Databases,Total Direct Annual Compensation,761," 62,728 "," 32,148 "," 47,256 "," 62,965 "," 94,785 "," 125,390 ",0.7
801,Inventory Clerk,Public Databases,Annual Salary,," 47,455 "," 32,253 "," 37,798 "," 46,805 "," 59,126 "," 66,518 ",
801,Inventory Clerk,Public Databases,Incentive/Variable Pay,,  , 461 , 563 , 669 , 813 , 951 ,
801,Inventory Clerk,Public Databases,Total Direct Annual Compensation,," 47,455 "," 32,714 "," 38,361 "," 47,474 "," 59,939 "," 67,469 ",
801,Inventory Clerk,ERI Assessor Databases,Annual Salary,," 41,667 "," 36,062 "," 38,378 "," 41,008 "," 44,418 "," 47,431 ",
801,Inventory Clerk,ERI Assessor Databases,Incentive/Variable Pay,, 799 , 696 , 740 , 792 , 856 , 914 ,
801,Inventory Clerk,ERI Assessor Databases,Total Direct Annual Compensation,," 42,466 "," 36,758 "," 39,118 "," 41,800 "," 45,274 "," 48,345 ",
801,Inventory Clerk,Survey Participant Databases,Annual Salary,," 40,836 "," 25,358 "," 31,357 "," 37,595 "," 55,874 "," 73,455 ",
801,Inventory Clerk,Survey Participant Databases,Incentive/Variable Pay,," 2,333 ", 515 , 993 ," 1,492 "," 8,220 "," 14,690 ",
801,Inventory Clerk,Survey Participant Databases,Total Direct Annual Compensation,328," 43,169 "," 25,873 "," 32,350 "," 39,087 "," 64,094 "," 88,145 ",1.3
849,Machine Operator,Public Databases,Annual Salary,," 54,941 "," 36,604 "," 43,323 "," 54,205 "," 69,271 "," 78,311 ",
849,Machine Operator,Public Databases,Incentive/Variable Pay,,  , 603 , 746 , 894 ," 1,097 "," 1,292 ",
849,Machine Operator,Public Databases,Total Direct Annual Compensation,," 54,941 "," 37,207 "," 44,069 "," 55,099 "," 70,368 "," 79,603 ",
849,Machine Operator,ERI Assessor Databases,Annual Salary,," 44,472 "," 37,014 "," 40,173 "," 43,777 "," 48,407 "," 52,514 ",
849,Machine Operator,ERI Assessor Databases,Incentive/Variable Pay,, 876 , 737 , 798 , 867 , 957 ," 1,037 ",
849,Machine Operator,ERI Assessor Databases,Total Direct Annual Compensation,," 45,348 "," 37,751 "," 40,971 "," 44,644 "," 49,364 "," 53,551 ",
849,Machine Operator,Survey Participant Databases,Annual Salary,," 46,303 "," 27,851 "," 35,889 "," 44,246 "," 65,337 "," 85,621 ",
849,Machine Operator,Survey Participant Databases,Incentive/Variable Pay,," 2,109 ", 103 , 763 ," 1,450 "," 13,005 "," 24,120 ",
849,Machine Operator,Survey Participant Databases,Total Direct Annual Compensation,"3,808"," 48,412 "," 27,954 "," 36,652 "," 45,696 "," 78,342 "," 109,741 ",0.3
867,Maintenance Mechanic,Public Databases,Annual Salary,," 63,318 "," 40,914 "," 49,155 "," 62,509 "," 81,262 "," 92,514 ",
867,Maintenance Mechanic,Public Databases,Incentive/Variable Pay,,  , 703 , 886 ," 1,075 "," 1,338 "," 1,591 ",
867,Maintenance Mechanic,Public Databases,Total Direct Annual Compensation,," 63,318 "," 41,617 "," 50,041 "," 63,584 "," 82,600 "," 94,105 ",
867,Maintenance Mechanic,ERI Assessor Databases,Annual Salary,," 58,460 "," 50,589 "," 53,884 "," 57,634 "," 62,474 "," 66,758 ",
867,Maintenance Mechanic,ERI Assessor Databases,Incentive/Variable Pay,," 1,617 "," 1,408 "," 1,497 "," 1,600 "," 1,733 "," 1,849 ",
867,Maintenance Mechanic,ERI Assessor Databases,Total Direct Annual Compensation,," 60,077 "," 51,997 "," 55,381 "," 59,234 "," 64,207 "," 68,607 ",
867,Maintenance Mechanic,Survey Participant Databases,Annual Salary,," 56,832 "," 25,793 "," 40,701 "," 56,200 "," 87,656 "," 117,910 ",
867,Maintenance Mechanic,Survey Participant Databases,Incentive/Variable Pay,," 3,275 ", 112 ," 1,246 "," 2,424 "," 29,991 "," 56,505 ",
867,Maintenance Mechanic,Survey Participant Databases,Total Direct Annual Compensation,"1,807"," 60,107 "," 25,905 "," 41,947 "," 58,624 "," 117,647 "," 174,415 ",0.6
1202,Quality Control Inspector,Public Databases,Annual Salary,," 57,638 "," 37,994 "," 45,204 "," 56,882 "," 73,194 "," 82,981 ",
1202,Quality Control Inspector,Public Databases,Incentive/Variable Pay,,  , 638 , 794 , 956 ," 1,179 "," 1,394 ",
1202,Quality Control Inspector,Public Databases,Total Direct Annual Compensation,," 57,638 "," 38,632 "," 45,998 "," 57,838 "," 74,373 "," 84,375 ",
1202,Quality Control Inspector,ERI Assessor Databases,Annual Salary,," 50,031 "," 42,235 "," 45,531 "," 49,283 "," 54,125 "," 58,410 ",
1202,Quality Control Inspector,ERI Assessor Databases,Incentive/Variable Pay,," 1,076 ", 916 , 986 ," 1,065 "," 1,168 "," 1,258 ",
1202,Quality Control Inspector,ERI Assessor Databases,Total Direct Annual Compensation,," 51,107 "," 43,151 "," 46,517 "," 50,348 "," 55,293 "," 59,668 ",
1202,Quality Control Inspector,Survey Participant Databases,Annual Salary,," 44,849 "," 25,251 "," 35,224 "," 45,595 "," 69,621 "," 92,730 ",
1202,Quality Control Inspector,Survey Participant Databases,Incentive/Variable Pay,," 2,005 ", 198 , 777 ," 1,379 "," 3,760 "," 6,050 ",
1202,Quality Control Inspector,Survey Participant Databases,Total Direct Annual Compensation,"1,328"," 46,854 "," 25,449 "," 36,001 "," 46,974 "," 73,381 "," 98,780 ",0.8
1218,Business Analyst,Public Databases,Annual Salary,," 94,081 "," 57,356 "," 71,199 "," 92,961 "," 123,037 "," 141,083 ",
1218,Business Analyst,Public Databases,Incentive/Variable Pay,,  ," 2,288 "," 2,985 "," 3,709 "," 4,688 "," 5,629 ",
1218,Business Analyst,Public Databases,Total Direct Annual Compensation,," 94,081 "," 59,644 "," 74,184 "," 96,670 "," 127,725 "," 146,712 ",
1218,Business Analyst,ERI Assessor Databases,Annual Salary,," 100,441 "," 84,151 "," 91,190 "," 99,185 "," 109,544 "," 118,696 ",
1218,Business Analyst,ERI Assessor Databases,Incentive/Variable Pay,," 3,670 "," 3,088 "," 3,345 "," 3,633 "," 4,010 "," 4,343 ",
1218,Business Analyst,ERI Assessor Databases,Total Direct Annual Compensation,," 104,111 "," 87,239 "," 94,535 "," 102,818 "," 113,554 "," 123,039 ",
1218,Business Analyst,Survey Participant Databases,Annual Salary,," 68,604 "," 25,035 "," 44,400 "," 64,533 "," 133,998 "," 200,812 ",
1218,Business Analyst,Survey Participant Databases,Incentive/Variable Pay,," 7,317 ", 643 ," 3,511 "," 6,493 "," 14,304 "," 21,817 ",
1218,Business Analyst,Survey Participant Databases,Total Direct Annual Compensation,955," 75,921 "," 25,678 "," 47,911 "," 71,026 "," 148,302 "," 222,629 ",1.2
1273,Financial Analyst,Public Databases,Annual Salary,," 99,323 "," 60,750 "," 75,318 "," 98,144 "," 129,753 "," 148,717 ",
1273,Financial Analyst,Public Databases,Incentive/Variable Pay,,  ," 2,545 "," 3,314 "," 4,112 "," 5,192 "," 6,231 ",
1273,Financial Analyst,Public Databases,Total Direct Annual Compensation,," 99,323 "," 63,295 "," 78,632 "," 102,256 "," 134,945 "," 154,948 ",
1273,Financial Analyst,ERI Assessor Databases,Annual Salary,," 100,907 "," 84,542 "," 91,615 "," 99,647 "," 110,053 "," 119,248 ",
1273,Financial Analyst,ERI Assessor Databases,Incentive/Variable Pay,," 4,390 "," 3,694 "," 3,999 "," 4,346 "," 4,797 "," 5,194 ",
1273,Financial Analyst,ERI Assessor Databases,Total Direct Annual Compensation,," 105,297 "," 88,236 "," 95,614 "," 103,993 "," 114,850 "," 124,442 ",
1273,Financial Analyst,Survey Participant Databases,Annual Salary,," 77,018 "," 31,143 "," 52,967 "," 75,657 "," 126,871 "," 176,130 ",
1273,Financial Analyst,Survey Participant Databases,Incentive/Variable Pay,," 5,412 ", 515 ," 2,652 "," 4,873 "," 22,078 "," 38,625 ",
1273,Financial Analyst,Survey Participant Databases,Total Direct Annual Compensation,886," 82,430 "," 31,658 "," 55,619 "," 80,530 "," 148,949 "," 214,755 ",0.8
1776,Cable Tester,Public Databases,Annual Salary,," 68,915 "," 44,282 "," 53,352 "," 68,043 "," 88,656 "," 101,024 ",
1776,Cable Tester,Public Databases,Incentive/Variable Pay,," 1,170 ", 783 , 990 ," 1,204 "," 1,502 "," 1,788 ",
1776,Cable Tester,Public Databases,Total Direct Annual Compensation,," 70,085 "," 45,065 "," 54,342 "," 69,247 "," 90,158 "," 102,812 ",1.1
1776,Cable Tester,ERI Assessor Databases,Annual Salary,," 65,022 "," 55,153 "," 59,361 "," 64,131 "," 70,332 "," 75,803 ",
1776,Cable Tester,ERI Assessor Databases,Incentive/Variable Pay,, 962 , 819 , 882 , 953 ," 1,045 "," 1,126 ",
1776,Cable Tester,ERI Assessor Databases,Total Direct Annual Compensation,," 65,984 "," 55,972 "," 60,243 "," 65,084 "," 71,377 "," 76,929 ",
1776,Cable Tester,Survey Participant Databases,Annual Salary,,  ,  ,  ,  ,  ,  ,
1776,Cable Tester,Survey Participant Databases,Incentive/Variable Pay,,  ,  ,  ,  ,  ,  ,
1776,Cable Tester,Survey Participant Databases,Total Direct Annual Compensation,,  ,  ,  ,  ,  ,  ,
1877,Webmaster,Public Databases,Annual Salary,," 94,320 "," 57,459 "," 71,377 "," 93,193 "," 123,344 "," 141,434 ",
1877,Webmaster,Public Databases,Incentive/Variable Pay,,  ," 2,407 "," 3,142 "," 3,905 "," 4,935 "," 5,926 ",
1877,Webmaster,Public Databases,Total Direct Annual Compensation,," 94,320 "," 59,866 "," 74,519 "," 97,098 "," 128,279 "," 147,360 ",
1877,Webmaster,ERI Assessor Databases,Annual Salary,," 102,060 "," 88,572 "," 94,295 "," 100,797 "," 109,215 "," 116,654 ",
1877,Webmaster,ERI Assessor Databases,Incentive/Variable Pay,," 4,831 "," 4,209 "," 4,478 "," 4,783 "," 5,179 "," 5,530 ",
1877,Webmaster,ERI Assessor Databases,Total Direct Annual Compensation,," 106,891 "," 92,781 "," 98,773 "," 105,580 "," 114,394 "," 122,184 ",
1877,Webmaster,Survey Participant Databases,Annual Salary,," 77,331 "," 39,140 "," 54,635 "," 70,746 "," 96,609 "," 121,486 ",
1877,Webmaster,Survey Participant Databases,Incentive/Variable Pay,," 5,429 "," 3,296 "," 3,372 "," 3,451 "," 10,632 "," 17,538 ",
1877,Webmaster,Survey Participant Databases,Total Direct Annual Compensation,14," 82,760 "," 42,436 "," 58,007 "," 74,197 "," 107,241 "," 139,024 ",6.6
1879,Programmer Analyst,Public Databases,Annual Salary,," 105,405 "," 63,967 "," 79,620 "," 104,160 "," 137,860 "," 158,079 ",
1879,Programmer Analyst,Public Databases,Incentive/Variable Pay,,  ," 2,686 "," 3,514 "," 4,375 "," 5,529 "," 6,639 ",
1879,Programmer Analyst,Public Databases,Total Direct Annual Compensation,," 105,405 "," 66,653 "," 83,134 "," 108,535 "," 143,389 "," 164,718 ",
1879,Programmer Analyst,ERI Assessor Databases,Annual Salary,," 107,842 "," 89,301 "," 97,359 "," 106,510 "," 118,369 "," 128,845 ",
1879,Programmer Analyst,ERI Assessor Databases,Incentive/Variable Pay,," 4,036 "," 3,357 "," 3,656 "," 3,996 "," 4,438 "," 4,827 ",
1879,Programmer Analyst,ERI Assessor Databases,Total Direct Annual Compensation,," 111,878 "," 92,658 "," 101,015 "," 110,506 "," 122,807 "," 133,672 ",
1879,Programmer Analyst,Survey Participant Databases,Annual Salary,," 89,376 "," 33,709 "," 57,825 "," 82,897 "," 120,757 "," 157,171 ",
1879,Programmer Analyst,Survey Participant Databases,Incentive/Variable Pay,," 12,098 ", 103 ," 6,666 "," 13,488 "," 16,724 "," 19,836 ",
1879,Programmer Analyst,Survey Participant Databases,Total Direct Annual Compensation,368," 101,474 "," 33,812 "," 64,491 "," 96,385 "," 137,481 "," 177,007 ",1.7
2076,Theater Manager,Public Databases,Annual Salary,," 74,514 "," 47,578 "," 57,702 "," 73,591 "," 95,885 "," 109,261 ",
2076,Theater Manager,Public Databases,Incentive/Variable Pay,,  ," 1,798 "," 2,281 "," 2,782 "," 3,469 "," 4,130 ",
2076,Theater Manager,Public Databases,Total Direct Annual Compensation,," 74,514 "," 49,376 "," 59,983 "," 76,373 "," 99,354 "," 113,391 ",
2076,Theater Manager,ERI Assessor Databases,Annual Salary,," 66,975 "," 57,472 "," 61,498 "," 66,061 "," 71,992 "," 77,225 ",
2076,Theater Manager,ERI Assessor Databases,Incentive/Variable Pay,," 2,203 "," 1,898 "," 2,031 "," 2,181 "," 2,377 "," 2,550 ",
2076,Theater Manager,ERI Assessor Databases,Total Direct Annual Compensation,," 69,178 "," 59,370 "," 63,529 "," 68,242 "," 74,369 "," 79,775 ",
2076,Theater Manager,Survey Participant Databases,Annual Salary,,  ,  ,  ,  ,  ,  ,
2076,Theater Manager,Survey Participant Databases,Incentive/Variable Pay,,  ,  ,  ,  ,  ,  ,
2076,Theater Manager,Survey Participant Databases,Total Direct Annual Compensation,,  ,  ,  ,  ,  ,  ,
2178,Waiter/Waitress,Public Databases,Annual Salary,," 33,393 "," 23,703 "," 27,375 "," 32,880 "," 39,746 "," 43,866 ",
2178,Waiter/Waitress,Public Databases,Incentive/Variable Pay,,  ," 1,253 "," 1,492 "," 1,739 "," 2,036 "," 2,320 ",
2178,Waiter/Waitress,Public Databases,Total Direct Annual Compensation,," 33,393 "," 24,956 "," 28,867 "," 34,619 "," 41,782 "," 46,186 ",
2178,Waiter/Waitress,ERI Assessor Databases,Annual Salary,," 27,817 "," 23,470 "," 25,260 "," 27,290 "," 29,929 "," 32,257 ",
2178,Waiter/Waitress,ERI Assessor Databases,Incentive/Variable Pay,," 3,379 "," 2,876 "," 3,097 "," 3,346 "," 3,669 "," 3,955 ",
2178,Waiter/Waitress,ERI Assessor Databases,Total Direct Annual Compensation,," 31,196 "," 26,346 "," 28,357 "," 30,636 "," 33,598 "," 36,212 ",
2178,Waiter/Waitress,Survey Participant Databases,Annual Salary,," 12,235 "," 7,284 "," 8,670 "," 10,112 "," 19,316 "," 28,168 ",
2178,Waiter/Waitress,Survey Participant Databases,Incentive/Variable Pay,,  ,  ,  ,  ,  ,  ,
2178,Waiter/Waitress,Survey Participant Databases,Total Direct Annual Compensation,496," 12,235 "," 7,284 "," 8,670 "," 10,112 "," 19,316 "," 28,168 ",1.4
4001,Accountant,Public Databases,Annual Salary,," 72,328 "," 45,184 "," 55,357 "," 71,428 "," 93,907 "," 107,395 ",
4001,Accountant,Public Databases,Incentive/Variable Pay,,  ," 1,581 "," 2,032 "," 2,500 "," 3,142 "," 3,758 ",
4001,Accountant,Public Databases,Total Direct Annual Compensation,," 72,328 "," 46,765 "," 57,389 "," 73,928 "," 97,049 "," 111,153 ",
4001,Accountant,ERI Assessor Databases,Annual Salary,," 82,973 "," 69,451 "," 75,276 "," 81,893 "," 90,460 "," 98,032 ",
4001,Accountant,ERI Assessor Databases,Incentive/Variable Pay,," 3,374 "," 2,839 "," 3,073 "," 3,340 "," 3,686 "," 3,991 ",
4001,Accountant,ERI Assessor Databases,Total Direct Annual Compensation,," 86,347 "," 72,290 "," 78,349 "," 85,233 "," 94,146 "," 102,023 ",
4001,Accountant,Survey Participant Databases,Annual Salary,," 77,235 "," 31,544 "," 55,185 "," 79,763 "," 114,486 "," 147,885 ",
4001,Accountant,Survey Participant Databases,Incentive/Variable Pay,," 4,060 ", 309 ," 2,145 "," 4,054 "," 12,610 "," 20,839 ",
4001,Accountant,Survey Participant Databases,Total Direct Annual Compensation,"2,221"," 81,295 "," 31,853 "," 57,330 "," 83,817 "," 127,096 "," 168,724 ",0.5
4002,Accounting Clerk,Public Databases,Annual Salary,," 46,495 "," 31,018 "," 36,686 "," 45,857 "," 58,535 "," 66,142 ",
4002,Accounting Clerk,Public Databases,Incentive/Variable Pay,,  , 524 , 647 , 775 , 950 ," 1,117 ",
4002,Accounting Clerk,Public Databases,Total Direct Annual Compensation,," 46,495 "," 31,542 "," 37,333 "," 46,632 "," 59,485 "," 67,259 ",
4002,Accounting Clerk,ERI Assessor Databases,Annual Salary,," 46,683 "," 40,432 "," 43,028 "," 45,975 "," 49,797 "," 53,172 ",
4002,Accounting Clerk,ERI Assessor Databases,Incentive/Variable Pay,," 1,041 ", 906 , 965 ," 1,030 "," 1,115 "," 1,190 ",
4002,Accounting Clerk,ERI Assessor Databases,Total Direct Annual Compensation,," 47,724 "," 41,338 "," 43,993 "," 47,005 "," 50,912 "," 54,362 ",
4002,Accounting Clerk,Survey Participant Databases,Annual Salary,," 46,897 "," 21,899 "," 34,291 "," 47,176 "," 77,731 "," 107,120 ",
4002,Accounting Clerk,Survey Participant Databases,Incentive/Variable Pay,," 2,246 ", 200 ," 1,114 "," 2,065 "," 4,796 "," 7,424 ",
4002,Accounting Clerk,Survey Participant Databases,Total Direct Annual Compensation,852," 49,143 "," 22,099 "," 35,405 "," 49,241 "," 82,527 "," 114,544 ",0.7
4003,Administrative Assistant,Public Databases,Annual Salary,," 46,288 "," 30,303 "," 36,174 "," 45,650 "," 58,875 "," 66,810 ",
4003,Administrative Assistant,Public Databases,Incentive/Variable Pay,,  , 581 , 726 , 876 ," 1,084 "," 1,282 ",
4003,Administrative Assistant,Public Databases,Total Direct Annual Compensation,," 46,288 "," 30,884 "," 36,900 "," 46,526 "," 59,959 "," 68,092 ",
4003,Administrative Assistant,ERI Assessor Databases,Annual Salary,," 49,029 "," 41,013 "," 44,421 "," 48,288 "," 53,306 "," 57,736 ",
4003,Administrative Assistant,ERI Assessor Databases,Incentive/Variable Pay,, 989 , 832 , 901 , 979 ," 1,080 "," 1,170 ",
4003,Administrative Assistant,ERI Assessor Databases,Total Direct Annual Compensation,," 50,018 "," 41,845 "," 45,322 "," 49,267 "," 54,386 "," 58,906 ",
4003,Administrative Assistant,Survey Participant Databases,Annual Salary,," 44,672 "," 15,532 "," 28,795 "," 42,586 "," 75,905 "," 107,954 ",
4003,Administrative Assistant,Survey Participant Databases,Incentive/Variable Pay,," 2,348 ", 104 , 968 ," 1,866 "," 6,776 "," 11,498 ",
4003,Administrative Assistant,Survey Participant Databases,Total Direct Annual Compensation,"3,244"," 47,020 "," 15,636 "," 29,763 "," 44,452 "," 82,681 "," 119,452 ",0.4
4013,Carpenter (Gen/Maint),Public Databases,Annual Salary,," 61,669 "," 39,815 "," 47,964 "," 60,878 "," 78,962 "," 89,813 ",
4013,Carpenter (Gen/Maint),Public Databases,Incentive/Variable Pay,," 1,875 "," 1,238 "," 1,559 "," 1,893 "," 2,352 "," 2,793 ",
4013,Carpenter (Gen/Maint),Public Databases,Total Direct Annual Compensation,," 63,544 "," 41,053 "," 49,523 "," 62,771 "," 81,314 "," 92,606 ",0.4
4013,Carpenter (Gen/Maint),ERI Assessor Databases,Annual Salary,," 59,561 "," 50,503 "," 54,357 "," 58,725 "," 64,403 "," 69,412 ",
4013,Carpenter (Gen/Maint),ERI Assessor Databases,Incentive/Variable Pay,," 1,042 ", 888 , 955 ," 1,031 "," 1,132 "," 1,220 ",
4013,Carpenter (Gen/Maint),ERI Assessor Databases,Total Direct Annual Compensation,," 60,603 "," 51,391 "," 55,312 "," 59,756 "," 65,535 "," 70,632 ",
4013,Carpenter (Gen/Maint),Survey Participant Databases,Annual Salary,," 61,808 "," 39,520 "," 47,678 "," 56,160 "," 92,852 "," 128,144 ",
4013,Carpenter (Gen/Maint),Survey Participant Databases,Incentive/Variable Pay,, 282 , 100 , 149 , 200 , 941 ," 1,654 ",
4013,Carpenter (Gen/Maint),Survey Participant Databases,Total Direct Annual Compensation,130," 62,090 "," 39,620 "," 47,827 "," 56,360 "," 93,793 "," 129,798 ",2.2
4014,Cashier,Public Databases,Annual Salary,," 33,423 "," 23,183 "," 27,229 "," 32,913 "," 40,222 "," 44,607 ",
4014,Cashier,Public Databases,Incentive/Variable Pay,,  ," 2,105 "," 2,538 "," 2,989 "," 3,530 "," 4,050 ",
4014,Cashier,Public Databases,Total Direct Annual Compensation,," 33,423 "," 25,288 "," 29,767 "," 35,902 "," 43,752 "," 48,657 ",
4014,Cashier,ERI Assessor Databases,Annual Salary,," 28,768 "," 23,678 "," 25,808 "," 28,228 "," 31,364 "," 34,134 ",
4014,Cashier,ERI Assessor Databases,Incentive/Variable Pay,, 231 , 192 , 210 , 229 , 254 , 277 ,
4014,Cashier,ERI Assessor Databases,Total Direct Annual Compensation,," 28,999 "," 23,870 "," 26,018 "," 28,457 "," 31,618 "," 34,411 ",
4014,Cashier,Survey Participant Databases,Annual Salary,," 25,639 "," 16,861 "," 20,474 "," 24,231 "," 39,979 "," 55,125 ",
4014,Cashier,Survey Participant Databases,Incentive/Variable Pay,,  ,  ,  ,  ,  ,  ,
4014,Cashier,Survey Participant Databases,Total Direct Annual Compensation,93," 25,639 "," 16,861 "," 20,474 "," 24,231 "," 39,979 "," 55,125 ",2.4
4017,Chemist,Public Databases,Annual Salary,," 99,903 "," 61,640 "," 75,913 "," 98,724 "," 130,374 "," 149,364 ",
4017,Chemist,Public Databases,Incentive/Variable Pay,," 2,749 "," 1,725 "," 2,235 "," 2,764 "," 3,487 "," 4,182 ",
4017,Chemist,Public Databases,Total Direct Annual Compensation,," 102,652 "," 63,365 "," 78,148 "," 101,488 "," 133,861 "," 153,546 ",0.8
4017,Chemist,ERI Assessor Databases,Annual Salary,," 88,267 "," 73,196 "," 79,731 "," 87,138 "," 96,768 "," 105,263 ",
4017,Chemist,ERI Assessor Databases,Incentive/Variable Pay,," 2,295 "," 1,908 "," 2,078 "," 2,272 "," 2,523 "," 2,744 ",
4017,Chemist,ERI Assessor Databases,Total Direct Annual Compensation,," 90,562 "," 75,104 "," 81,809 "," 89,410 "," 99,291 "," 108,007 ",
4017,Chemist,Survey Participant Databases,Annual Salary,," 86,101 "," 40,046 "," 62,571 "," 85,990 "," 118,138 "," 149,058 ",
4017,Chemist,Survey Participant Databases,Incentive/Variable Pay,, 973 , 134 , 380 , 635 ," 2,503 "," 4,299 ",
4017,Chemist,Survey Participant Databases,Total Direct Annual Compensation,61," 87,074 "," 40,180 "," 62,951 "," 86,625 "," 120,641 "," 153,357 ",3.9
4029,Electrical Engineer,Public Databases,Annual Salary,," 123,909 "," 75,059 "," 93,445 "," 122,490 "," 162,300 "," 186,185 ",
4029,Electrical Engineer,Public Databases,Incentive/Variable Pay,,  ," 2,769 "," 3,628 "," 4,520 "," 5,718 "," 6,870 ",
4029,Electrical Engineer,Public Databases,Total Direct Annual Compensation,," 123,909 "," 77,828 "," 97,073 "," 127,010 "," 168,018 "," 193,055 ",
4029,Electrical Engineer,ERI Assessor Databases,Annual Salary,," 123,860 "," 102,621 "," 111,869 "," 122,368 "," 135,980 "," 148,001 ",
4029,Electrical Engineer,ERI Assessor Databases,Incentive/Variable Pay,," 2,833 "," 2,356 "," 2,566 "," 2,804 "," 3,114 "," 3,388 ",
4029,Electrical Engineer,ERI Assessor Databases,Total Direct Annual Compensation,," 126,693 "," 104,977 "," 114,435 "," 125,172 "," 139,094 "," 151,389 ",
4029,Electrical Engineer,Survey Participant Databases,Annual Salary,," 124,040 "," 52,085 "," 86,356 "," 121,987 "," 221,305 "," 316,834 ",
4029,Electrical Engineer,Survey Participant Databases,Incentive/Variable Pay,," 6,586 ", 639 ," 3,075 "," 5,607 "," 23,205 "," 40,132 ",
4029,Electrical Engineer,Survey Participant Databases,Total Direct Annual Compensation,"4,578"," 130,626 "," 52,724 "," 89,431 "," 127,594 "," 244,510 "," 356,966 ",0.3
4037,Forklift Operator,Public Databases,Annual Salary,," 39,148 "," 26,673 "," 31,214 "," 38,579 "," 48,564 "," 54,556 ",
4037,Forklift Operator,Public Databases,Incentive/Variable Pay,,  , 397 , 484 , 575 , 696 , 812 ,
4037,Forklift Operator,Public Databases,Total Direct Annual Compensation,," 39,148 "," 27,070 "," 31,698 "," 39,154 "," 49,260 "," 55,368 ",
4037,Forklift Operator,ERI Assessor Databases,Annual Salary,," 40,365 "," 34,380 "," 36,870 "," 39,716 "," 43,363 "," 46,601 ",
4037,Forklift Operator,ERI Assessor Databases,Incentive/Variable Pay,, 610 , 526 , 562 , 604 , 659 , 706 ,
4037,Forklift Operator,ERI Assessor Databases,Total Direct Annual Compensation,," 40,975 "," 34,906 "," 37,432 "," 40,320 "," 44,022 "," 47,307 ",
4037,Forklift Operator,Survey Participant Databases,Annual Salary,," 41,739 "," 21,551 "," 31,070 "," 40,967 "," 62,446 "," 83,106 ",
4037,Forklift Operator,Survey Participant Databases,Incentive/Variable Pay,, 968 , 103 , 287 , 478 ," 16,535 "," 31,979 ",
4037,Forklift Operator,Survey Participant Databases,Total Direct Annual Compensation,"3,060"," 42,707 "," 21,654 "," 31,357 "," 41,445 "," 78,981 "," 115,085 ",0.3
4042,Janitor,Public Databases,Annual Salary,," 34,391 "," 24,017 "," 27,763 "," 33,870 "," 41,939 "," 46,781 ",
4042,Janitor,Public Databases,Incentive/Variable Pay,,  , 273 , 329 , 386 , 461 , 533 ,
4042,Janitor,Public Databases,Total Direct Annual Compensation,," 34,391 "," 24,290 "," 28,092 "," 34,256 "," 42,400 "," 47,314 ",
4042,Janitor,ERI Assessor Databases,Annual Salary,," 32,649 "," 28,205 "," 30,020 "," 32,081 "," 34,752 "," 37,110 ",
4042,Janitor,ERI Assessor Databases,Incentive/Variable Pay,, 268 , 234 , 250 , 266 , 288 , 307 ,
4042,Janitor,ERI Assessor Databases,Total Direct Annual Compensation,," 32,917 "," 28,439 "," 30,270 "," 32,347 "," 35,040 "," 37,417 ",
4042,Janitor,Survey Participant Databases,Annual Salary,," 32,512 "," 16,669 "," 23,801 "," 31,215 "," 49,468 "," 67,026 ",
4042,Janitor,Survey Participant Databases,Incentive/Variable Pay,, 668 , 110 , 238 , 371 ," 2,554 "," 4,653 ",
4042,Janitor,Survey Participant Databases,Total Direct Annual Compensation,979," 33,180 "," 16,779 "," 24,039 "," 31,586 "," 52,022 "," 71,679 ",0.7
4051,Maintenance Worker,Public Databases,Annual Salary,," 44,229 "," 28,932 "," 34,526 "," 43,612 "," 56,311 "," 63,930 ",
4051,Maintenance Worker,Public Databases,Incentive/Variable Pay,,  , 445 , 556 , 672 , 831 , 984 ,
4051,Maintenance Worker,Public Databases,Total Direct Annual Compensation,," 44,229 "," 29,377 "," 35,082 "," 44,284 "," 57,142 "," 64,914 ",
4051,Maintenance Worker,ERI Assessor Databases,Annual Salary,," 54,886 "," 47,474 "," 50,570 "," 54,095 "," 58,642 "," 62,667 ",
4051,Maintenance Worker,ERI Assessor Databases,Incentive/Variable Pay,, 837 , 730 , 776 , 829 , 898 , 957 ,
4051,Maintenance Worker,ERI Assessor Databases,Total Direct Annual Compensation,," 55,723 "," 48,204 "," 51,346 "," 54,924 "," 59,540 "," 63,624 ",
4051,Maintenance Worker,Survey Participant Databases,Annual Salary,," 48,087 "," 24,524 "," 33,522 "," 42,876 "," 82,169 "," 119,962 ",
4051,Maintenance Worker,Survey Participant Databases,Incentive/Variable Pay,," 2,760 ", 112 ," 1,124 "," 2,177 "," 6,265 "," 10,197 ",
4051,Maintenance Worker,Survey Participant Databases,Total Direct Annual Compensation,395," 50,847 "," 24,636 "," 34,646 "," 45,053 "," 88,434 "," 130,159 ",1.6
4054,Materials Handler,Public Databases,Annual Salary,," 42,082 "," 28,831 "," 33,660 "," 41,486 "," 52,040 "," 58,374 ",
4054,Materials Handler,Public Databases,Incentive/Variable Pay,,  , 438 , 533 , 631 , 761 , 887 ,
4054,Materials Handler,Public Databases,Total Direct Annual Compensation,," 42,082 "," 29,269 "," 34,193 "," 42,117 "," 52,801 "," 59,261 ",
4054,Materials Handler,ERI Assessor Databases,Annual Salary,," 38,228 "," 32,539 "," 34,900 "," 37,601 "," 41,056 "," 44,127 ",
4054,Materials Handler,ERI Assessor Databases,Incentive/Variable Pay,, 496 , 427 , 457 , 491 , 535 , 574 ,
4054,Materials Handler,ERI Assessor Databases,Total Direct Annual Compensation,," 38,724 "," 32,966 "," 35,357 "," 38,092 "," 41,591 "," 44,701 ",
4054,Materials Handler,Survey Participant Databases,Annual Salary,," 37,296 "," 15,707 "," 26,597 "," 37,920 "," 56,657 "," 74,679 ",
4054,Materials Handler,Survey Participant Databases,Incentive/Variable Pay,," 1,333 ", 104 , 675 ," 1,271 "," 4,399 "," 7,407 ",
4054,Materials Handler,Survey Participant Databases,Total Direct Annual Compensation,"4,173"," 38,629 "," 15,811 "," 27,272 "," 39,191 "," 61,056 "," 82,086 ",0.4
4059,Office Manager,Public Databases,Annual Salary,," 71,625 "," 45,567 "," 55,302 "," 70,736 "," 92,373 "," 105,355 ",
4059,Office Manager,Public Databases,Incentive/Variable Pay,,  ," 1,444 "," 1,836 "," 2,242 "," 2,802 "," 3,339 ",
4059,Office Manager,Public Databases,Total Direct Annual Compensation,," 71,625 "," 47,011 "," 57,138 "," 72,978 "," 95,175 "," 108,694 ",
4059,Office Manager,ERI Assessor Databases,Annual Salary,," 67,548 "," 55,793 "," 60,859 "," 66,619 "," 74,070 "," 80,657 ",
4059,Office Manager,ERI Assessor Databases,Incentive/Variable Pay,," 2,685 "," 2,233 "," 2,432 "," 2,658 "," 2,953 "," 3,212 ",
4059,Office Manager,ERI Assessor Databases,Total Direct Annual Compensation,," 70,233 "," 58,026 "," 63,291 "," 69,277 "," 77,023 "," 83,869 ",
4059,Office Manager,Survey Participant Databases,Annual Salary,," 67,246 "," 25,708 "," 43,644 "," 62,292 "," 125,044 "," 185,400 ",
4059,Office Manager,Survey Participant Databases,Incentive/Variable Pay,," 4,598 ", 103 ," 2,491 "," 4,975 "," 8,956 "," 12,786 ",
4059,Office Manager,Survey Participant Databases,Total Direct Annual Compensation,435," 71,844 "," 25,811 "," 46,135 "," 67,267 "," 134,000 "," 198,186 ",1.7
4064,Personnel Analyst,Public Databases,Annual Salary,," 71,505 "," 44,666 "," 54,726 "," 70,615 "," 92,839 "," 106,172 ",
4064,Personnel Analyst,Public Databases,Incentive/Variable Pay,,  ," 1,572 "," 2,020 "," 2,486 "," 3,124 "," 3,737 ",
4064,Personnel Analyst,Public Databases,Total Direct Annual Compensation,," 71,505 "," 46,238 "," 56,746 "," 73,101 "," 95,963 "," 109,909 ",
4064,Personnel Analyst,ERI Assessor Databases,Annual Salary,," 75,578 "," 63,386 "," 68,628 "," 74,572 "," 82,297 "," 89,113 ",
4064,Personnel Analyst,ERI Assessor Databases,Incentive/Variable Pay,," 1,798 "," 1,513 "," 1,638 "," 1,780 "," 1,966 "," 2,127 ",
4064,Personnel Analyst,ERI Assessor Databases,Total Direct Annual Compensation,," 77,376 "," 64,899 "," 70,266 "," 76,352 "," 84,263 "," 91,240 ",
4064,Personnel Analyst,Survey Participant Databases,Annual Salary,," 90,040 "," 34,533 "," 63,073 "," 92,745 "," 134,610 "," 174,877 ",
4064,Personnel Analyst,Survey Participant Databases,Incentive/Variable Pay,," 3,675 ", 103 ," 1,218 "," 2,378 "," 18,821 "," 34,635 ",
4064,Personnel Analyst,Survey Participant Databases,Total Direct Annual Compensation,910," 93,715 "," 34,636 "," 64,291 "," 95,123 "," 153,431 "," 209,512 ",1
4084,Systems Analyst,Public Databases,Annual Salary,," 95,044 "," 58,328 "," 72,145 "," 93,916 "," 124,163 "," 142,310 ",
4084,Systems Analyst,Public Databases,Incentive/Variable Pay,,  ," 2,204 "," 2,864 "," 3,550 "," 4,482 "," 5,379 ",
4084,Systems Analyst,Public Databases,Total Direct Annual Compensation,," 95,044 "," 60,532 "," 75,009 "," 97,466 "," 128,645 "," 147,689 ",
4084,Systems Analyst,ERI Assessor Databases,Annual Salary,," 96,454 "," 80,795 "," 87,558 "," 95,238 "," 105,188 "," 113,979 ",
4084,Systems Analyst,ERI Assessor Databases,Incentive/Variable Pay,," 3,039 "," 2,557 "," 2,768 "," 3,008 "," 3,320 "," 3,595 ",
4084,Systems Analyst,ERI Assessor Databases,Total Direct Annual Compensation,," 99,493 "," 83,352 "," 90,326 "," 98,246 "," 108,508 "," 117,574 ",
4084,Systems Analyst,Survey Participant Databases,Annual Salary,," 85,810 "," 32,201 "," 57,046 "," 82,877 "," 120,226 "," 156,150 ",
4084,Systems Analyst,Survey Participant Databases,Incentive/Variable Pay,," 6,873 ", 206 ," 3,157 "," 6,226 "," 12,017 "," 17,587 ",
4084,Systems Analyst,Survey Participant Databases,Total Direct Annual Compensation,"1,333"," 92,683 "," 32,407 "," 60,203 "," 89,103 "," 132,243 "," 173,737 ",0.7
4087,Warehouse Worker,Public Databases,Annual Salary,," 43,794 "," 30,276 "," 35,199 "," 43,181 "," 53,850 "," 60,250 ",
4087,Warehouse Worker,Public Databases,Incentive/Variable Pay,,  , 442 , 534 , 630 , 757 , 879 ,
4087,Warehouse Worker,Public Databases,Total Direct Annual Compensation,," 43,794 "," 30,718 "," 35,733 "," 43,811 "," 54,607 "," 61,129 ",
4087,Warehouse Worker,ERI Assessor Databases,Annual Salary,," 34,613 "," 29,599 "," 31,672 "," 34,021 "," 37,076 "," 39,771 ",
4087,Warehouse Worker,ERI Assessor Databases,Incentive/Variable Pay,, 505 , 435 , 465 , 500 , 544 , 585 ,
4087,Warehouse Worker,ERI Assessor Databases,Total Direct Annual Compensation,," 35,118 "," 30,034 "," 32,137 "," 34,521 "," 37,620 "," 40,356 ",
4087,Warehouse Worker,Survey Participant Databases,Annual Salary,," 37,170 "," 19,881 "," 28,457 "," 37,374 "," 64,121 "," 89,846 ",
4087,Warehouse Worker,Survey Participant Databases,Incentive/Variable Pay,," 1,249 ", 115 , 732 ," 1,374 "," 2,096 "," 2,790 ",
4087,Warehouse Worker,Survey Participant Databases,Total Direct Annual Compensation,"3,458"," 38,419 "," 19,996 "," 29,189 "," 38,748 "," 66,217 "," 92,636 ",0.2
4111,Security Guard,Public Databases,Annual Salary,," 44,059 "," 29,896 "," 35,046 "," 43,438 "," 54,872 "," 61,733 ",
4111,Security Guard,Public Databases,Incentive/Variable Pay,,  , 373 , 457 , 543 , 660 , 771 ,
4111,Security Guard,Public Databases,Total Direct Annual Compensation,," 44,059 "," 30,269 "," 35,503 "," 43,981 "," 55,532 "," 62,504 ",
4111,Security Guard,ERI Assessor Databases,Annual Salary,," 38,372 "," 33,191 "," 35,324 "," 37,746 "," 40,886 "," 43,659 ",
4111,Security Guard,ERI Assessor Databases,Incentive/Variable Pay,, 581 , 506 , 539 , 576 , 624 , 666 ,
4111,Security Guard,ERI Assessor Databases,Total Direct Annual Compensation,," 38,953 "," 33,697 "," 35,863 "," 38,322 "," 41,510 "," 44,325 ",
4111,Security Guard,Survey Participant Databases,Annual Salary,," 41,466 "," 19,030 "," 26,760 "," 34,797 "," 92,662 "," 148,320 ",
4111,Security Guard,Survey Participant Databases,Incentive/Variable Pay,," 2,430 ",  ," 1,596 "," 2,076 "," 5,529 ",  ,
4111,Security Guard,Survey Participant Databases,Total Direct Annual Compensation,"1,198"," 43,896 "," 19,030 "," 28,356 "," 36,873 "," 98,191 "," 148,320 ",1.1
4133,Welder,Public Databases,Annual Salary,," 62,024 "," 40,661 "," 48,518 "," 61,227 "," 79,055 "," 89,752 ",
4133,Welder,Public Databases,Incentive/Variable Pay,,  , 723 , 903 ," 1,090 "," 1,349 "," 1,597 ",
4133,Welder,Public Databases,Total Direct Annual Compensation,," 62,024 "," 41,384 "," 49,421 "," 62,317 "," 80,404 "," 91,349 ",
4133,Welder,ERI Assessor Databases,Annual Salary,," 51,224 "," 42,892 "," 46,440 "," 50,461 "," 55,690 "," 60,302 ",
4133,Welder,ERI Assessor Databases,Incentive/Variable Pay,, 870 , 733 , 793 , 862 , 951 ," 1,030 ",
4133,Welder,ERI Assessor Databases,Total Direct Annual Compensation,," 52,094 "," 43,625 "," 47,233 "," 51,323 "," 56,641 "," 61,332 ",
4133,Welder,Survey Participant Databases,Annual Salary,," 50,019 "," 19,996 "," 34,337 "," 49,246 "," 81,350 "," 112,228 ",
4133,Welder,Survey Participant Databases,Incentive/Variable Pay,," 3,172 ", 115 ," 1,623 "," 3,190 "," 5,187 "," 7,107 ",
4133,Welder,Survey Participant Databases,Total Direct Annual Compensation,"2,942"," 53,191 "," 20,111 "," 35,960 "," 52,436 "," 86,537 "," 119,335 ",0.3
5689,Administrative Clerk,Public Databases,Annual Salary,," 47,863 "," 32,700 "," 38,232 "," 47,209 "," 59,358 "," 66,648 ",
5689,Administrative Clerk,Public Databases,Incentive/Variable Pay,,  , 474 , 577 , 685 , 828 , 966 ,
5689,Administrative Clerk,Public Databases,Total Direct Annual Compensation,," 47,863 "," 33,174 "," 38,809 "," 47,894 "," 60,186 "," 67,614 ",
5689,Administrative Clerk,ERI Assessor Databases,Annual Salary,," 39,787 "," 34,424 "," 36,637 "," 39,148 "," 42,404 "," 45,279 ",
5689,Administrative Clerk,ERI Assessor Databases,Incentive/Variable Pay,, 603 , 525 , 559 , 597 , 646 , 691 ,
5689,Administrative Clerk,ERI Assessor Databases,Total Direct Annual Compensation,," 40,390 "," 34,949 "," 37,196 "," 39,745 "," 43,050 "," 45,970 ",
5689,Administrative Clerk,Survey Participant Databases,Annual Salary,," 38,955 "," 15,894 "," 24,777 "," 34,012 "," 55,606 "," 76,376 ",
5689,Administrative Clerk,Survey Participant Databases,Incentive/Variable Pay,," 1,905 ", 128 ," 1,057 "," 2,023 "," 3,092 "," 4,120 ",
5689,Administrative Clerk,Survey Participant Databases,Total Direct Annual Compensation,516," 40,860 "," 16,022 "," 25,834 "," 36,035 "," 58,698 "," 80,496 ",1.2
5924,Shipping & Receiving Clerk,Public Databases,Annual Salary,," 46,484 "," 30,810 "," 36,537 "," 45,845 "," 58,790 "," 66,556 ",
5924,Shipping & Receiving Clerk,Public Databases,Incentive/Variable Pay,,  , 449 , 557 , 669 , 823 , 971 ,
5924,Shipping & Receiving Clerk,Public Databases,Total Direct Annual Compensation,," 46,484 "," 31,259 "," 37,094 "," 46,514 "," 59,613 "," 67,527 ",
5924,Shipping & Receiving Clerk,ERI Assessor Databases,Annual Salary,," 45,392 "," 39,759 "," 42,072 "," 44,698 "," 48,106 "," 51,113 ",
5924,Shipping & Receiving Clerk,ERI Assessor Databases,Incentive/Variable Pay,, 597 , 525 , 557 , 591 , 635 , 675 ,
5924,Shipping & Receiving Clerk,ERI Assessor Databases,Total Direct Annual Compensation,," 45,989 "," 40,284 "," 42,629 "," 45,289 "," 48,741 "," 51,788 ",
5924,Shipping & Receiving Clerk,Survey Participant Databases,Annual Salary,," 41,387 "," 23,630 "," 30,660 "," 37,967 "," 68,780 "," 98,416 ",
5924,Shipping & Receiving Clerk,Survey Participant Databases,Incentive/Variable Pay,," 2,474 ", 646 ," 1,393 "," 2,169 "," 5,048 "," 7,816 ",
5924,Shipping & Receiving Clerk,Survey Participant Databases,Total Direct Annual Compensation,"1,080"," 43,861 "," 24,276 "," 32,053 "," 40,136 "," 73,828 "," 106,232 ",0.8
7593,Call Center Representative (General Calls),Public Databases,Annual Salary,," 35,822 "," 24,678 "," 28,739 "," 35,288 "," 44,059 "," 49,321 ",
7593,Call Center Representative (General Calls),Public Databases,Incentive/Variable Pay,,  , 429 , 520 , 614 , 738 , 858 ,
7593,Call Center Representative (General Calls),Public Databases,Total Direct Annual Compensation,," 35,822 "," 25,107 "," 29,259 "," 35,902 "," 44,797 "," 50,179 ",
7593,Call Center Representative (General Calls),ERI Assessor Databases,Annual Salary,," 35,193 "," 29,361 "," 31,809 "," 34,617 "," 38,196 "," 41,384 ",
7593,Call Center Representative (General Calls),ERI Assessor Databases,Incentive/Variable Pay,," 4,499 "," 3,795 "," 4,104 "," 4,426 "," 4,907 "," 5,305 ",
7593,Call Center Representative (General Calls),ERI Assessor Databases,Total Direct Annual Compensation,," 39,692 "," 33,156 "," 35,913 "," 39,043 "," 43,103 "," 46,689 ",
7593,Call Center Representative (General Calls),Survey Participant Databases,Annual Salary,," 39,055 "," 24,750 "," 30,042 "," 35,543 "," 52,602 "," 69,010 ",
7593,Call Center Representative (General Calls),Survey Participant Databases,Incentive/Variable Pay,," 1,957 ", 229 , 987 ," 1,776 "," 3,495 "," 5,150 ",
7593,Call Center Representative (General Calls),Survey Participant Databases,Total Direct Annual Compensation,"2,350"," 41,012 "," 24,979 "," 31,029 "," 37,319 "," 56,097 "," 74,160 ",0.6
7601,Retail Store Manager (Experience),Public Databases,Annual Salary,," 86,325 "," 54,996 "," 66,355 "," 85,287 "," 111,750 "," 127,629 ",
7601,Retail Store Manager (Experience),Public Databases,Incentive/Variable Pay,,  ,  ,  ,  ,  ,  ,
7601,Retail Store Manager (Experience),Public Databases,Total Direct Annual Compensation,," 86,325 "," 54,996 "," 66,355 "," 85,287 "," 111,750 "," 127,629 ",
7601,Retail Store Manager (Experience),ERI Assessor Databases,Annual Salary,," 67,576 "," 57,321 "," 61,694 "," 66,652 "," 73,097 "," 78,783 ",
7601,Retail Store Manager (Experience),ERI Assessor Databases,Incentive/Variable Pay,," 6,858 "," 5,839 "," 6,285 "," 6,790 "," 7,447 "," 8,025 ",
7601,Retail Store Manager (Experience),ERI Assessor Databases,Total Direct Annual Compensation,," 74,434 "," 63,160 "," 67,979 "," 73,442 "," 80,544 "," 86,808 ",
7601,Retail Store Manager (Experience),Survey Participant Databases,Annual Salary,," 59,316 "," 35,518 "," 46,990 "," 58,918 "," 81,912 "," 104,030 ",
7601,Retail Store Manager (Experience),Survey Participant Databases,Incentive/Variable Pay,," 8,665 ", 185 ," 2,879 "," 5,680 "," 15,385 "," 24,720 ",
7601,Retail Store Manager (Experience),Survey Participant Databases,Total Direct Annual Compensation,26," 67,981 "," 35,703 "," 49,869 "," 64,598 "," 97,297 "," 128,750 ",5.6
19998,Human Resources Manager,Public Databases,Annual Salary,," 122,874 "," 73,047 "," 92,480 "," 121,466 "," 161,121 "," 184,915 ",
19998,Human Resources Manager,Public Databases,Incentive/Variable Pay,,  ," 5,785 "," 7,665 "," 9,620 "," 12,182 "," 14,645 ",
19998,Human Resources Manager,Public Databases,Total Direct Annual Compensation,," 122,874 "," 78,832 "," 100,145 "," 131,086 "," 173,303 "," 199,560 ",
19998,Human Resources Manager,ERI Assessor Databases,Annual Salary,," 125,929 "," 104,343 "," 113,744 "," 124,417 "," 138,255 "," 150,477 ",
19998,Human Resources Manager,ERI Assessor Databases,Incentive/Variable Pay,," 8,730 "," 7,260 "," 7,908 "," 8,642 "," 9,598 "," 10,440 ",
19998,Human Resources Manager,ERI Assessor Databases,Total Direct Annual Compensation,," 134,659 "," 111,603 "," 121,652 "," 133,059 "," 147,853 "," 160,917 ",
19998,Human Resources Manager,Survey Participant Databases,Annual Salary,," 122,818 "," 37,203 "," 71,986 "," 108,150 "," 209,391 "," 306,769 ",
19998,Human Resources Manager,Survey Participant Databases,Incentive/Variable Pay,," 11,484 ", 445 ," 5,255 "," 10,254 "," 21,781 "," 32,868 ",
19998,Human Resources Manager,Survey Participant Databases,Total Direct Annual Compensation,639," 134,302 "," 37,648 "," 77,241 "," 118,404 "," 231,172 "," 339,637 ",1.7
38796,Truck Mechanic,Public Databases,Annual Salary,," 62,166 "," 40,565 "," 48,629 "," 61,367 "," 79,146 "," 89,812 ",
38796,Truck Mechanic,Public Databases,Incentive/Variable Pay,,  ," 1,310 "," 1,640 "," 1,982 "," 2,450 "," 2,900 ",
38796,Truck Mechanic,Public Databases,Total Direct Annual Compensation,," 62,166 "," 41,875 "," 50,269 "," 63,349 "," 81,596 "," 92,712 ",
38796,Truck Mechanic,ERI Assessor Databases,Annual Salary,," 52,668 "," 44,106 "," 47,754 "," 51,890 "," 57,266 "," 62,009 ",
38796,Truck Mechanic,ERI Assessor Databases,Incentive/Variable Pay,," 5,293 "," 4,454 "," 4,822 "," 5,240 "," 5,782 "," 6,262 ",
38796,Truck Mechanic,ERI Assessor Databases,Total Direct Annual Compensation,," 57,961 "," 48,560 "," 52,576 "," 57,130 "," 63,048 "," 68,271 ",
38796,Truck Mechanic,Survey Participant Databases,Annual Salary,," 57,710 "," 38,633 "," 45,983 "," 53,625 "," 73,289 "," 92,203 ",
38796,Truck Mechanic,Survey Participant Databases,Incentive/Variable Pay,," 2,209 "," 1,419 "," 1,946 "," 2,495 "," 2,666 "," 2,830 ",
38796,Truck Mechanic,Survey Participant Databases,Total Direct Annual Compensation,44," 59,919 "," 40,052 "," 47,929 "," 56,120 "," 75,955 "," 95,033 ",3.5
58547,Electrician Journeyman,Public Databases,Annual Salary,," 72,396 "," 45,994 "," 55,892 "," 71,491 "," 93,359 "," 106,480 ",
58547,Electrician Journeyman,Public Databases,Incentive/Variable Pay,,  ," 1,637 "," 2,082 "," 2,545 "," 3,180 "," 3,790 ",
58547,Electrician Journeyman,Public Databases,Total Direct Annual Compensation,," 72,396 "," 47,631 "," 57,974 "," 74,036 "," 96,539 "," 110,270 ",
58547,Electrician Journeyman,ERI Assessor Databases,Annual Salary,," 63,439 "," 52,543 "," 57,234 "," 62,551 "," 69,464 "," 75,562 ",
58547,Electrician Journeyman,ERI Assessor Databases,Incentive/Variable Pay,," 1,249 "," 1,039 "," 1,131 "," 1,237 "," 1,374 "," 1,494 ",
58547,Electrician Journeyman,ERI Assessor Databases,Total Direct Annual Compensation,," 64,688 "," 53,582 "," 58,365 "," 63,788 "," 70,838 "," 77,056 ",
58547,Electrician Journeyman,Survey Participant Databases,Annual Salary,," 72,602 "," 44,691 "," 55,421 "," 66,577 "," 81,970 "," 96,776 ",
58547,Electrician Journeyman,Survey Participant Databases,Incentive/Variable Pay,," 2,453 ", 459 , 968 ," 1,497 "," 3,395 "," 5,222 ",
58547,Electrician Journeyman,Survey Participant Databases,Total Direct Annual Compensation,242," 75,055 "," 45,150 "," 56,389 "," 68,074 "," 85,365 "," 101,998 ",1.2
81789,Retail Sales Clerk,Public Databases,Annual Salary,," 30,187 "," 15,784 "," 21,360 "," 29,710 "," 37,706 "," 42,502 ",
81789,Retail Sales Clerk,Public Databases,Incentive/Variable Pay,,  ," 1,415 "," 2,028 "," 2,665 "," 3,250 "," 3,812 ",
81789,Retail Sales Clerk,Public Databases,Total Direct Annual Compensation,," 30,187 "," 17,199 "," 23,388 "," 32,375 "," 40,956 "," 46,314 ",
81789,Retail Sales Clerk,ERI Assessor Databases,Annual Salary,," 29,169 "," 25,199 "," 26,809 "," 28,636 "," 31,009 "," 33,103 ",
81789,Retail Sales Clerk,ERI Assessor Databases,Incentive/Variable Pay,,  ,  ,  ,  ,  ,  ,
81789,Retail Sales Clerk,ERI Assessor Databases,Total Direct Annual Compensation,," 29,169 "," 25,199 "," 26,809 "," 28,636 "," 31,009 "," 33,103 ",
81789,Retail Sales Clerk,Survey Participant Databases,Annual Salary,," 27,062 "," 21,424 "," 23,234 "," 25,117 "," 49,871 "," 73,680 ",
81789,Retail Sales Clerk,Survey Participant Databases,Incentive/Variable Pay,,  ,  ,  ,  ,  ,  ,
81789,Retail Sales Clerk,Survey Participant Databases,Total Direct Annual Compensation,36," 27,062 "," 21,424 "," 23,234 "," 25,117 "," 49,871 "," 73,680 ",5.4
89931,Staff Attorney,Public Databases,Annual Salary,," 153,402 "," 90,357 "," 114,682 "," 151,683 "," 202,096 "," 232,344 ",
89931,Staff Attorney,Public Databases,Incentive/Variable Pay,,  ," 5,963 "," 7,948 "," 10,011 "," 12,725 "," 15,334 ",
89931,Staff Attorney,Public Databases,Total Direct Annual Compensation,," 153,402 "," 96,320 "," 122,630 "," 161,694 "," 214,821 "," 247,678 ",
89931,Staff Attorney,ERI Assessor Databases,Annual Salary,," 154,169 "," 124,942 "," 137,797 "," 152,368 "," 171,311 "," 188,023 ",
89931,Staff Attorney,ERI Assessor Databases,Incentive/Variable Pay,," 9,373 "," 7,609 "," 8,391 "," 9,279 "," 10,433 "," 11,450 ",
89931,Staff Attorney,ERI Assessor Databases,Total Direct Annual Compensation,," 163,542 "," 132,551 "," 146,188 "," 161,647 "," 181,744 "," 199,473 ",
89931,Staff Attorney,Survey Participant Databases,Annual Salary,," 157,820 "," 82,595 "," 116,298 "," 151,337 "," 228,012 "," 301,759 ",
89931,Staff Attorney,Survey Participant Databases,Incentive/Variable Pay,," 21,708 ", 832 ," 3,856 "," 7,000 "," 42,852 "," 77,335 ",
89931,Staff Attorney,Survey Participant Databases,Total Direct Annual Compensation,99," 179,528 "," 83,427 "," 120,154 "," 158,337 "," 270,864 "," 379,094 ",3.1
108054,Garbage Truck Driver,Public Databases,Annual Salary,," 48,882 "," 32,120 "," 38,308 "," 48,205 "," 62,028 "," 70,322 ",
108054,Garbage Truck Driver,Public Databases,Incentive/Variable Pay,,  , 783 , 976 ," 1,176 "," 1,451 "," 1,715 ",
108054,Garbage Truck Driver,Public Databases,Total Direct Annual Compensation,," 48,882 "," 32,903 "," 39,284 "," 49,381 "," 63,479 "," 72,037 ",
108054,Garbage Truck Driver,ERI Assessor Databases,Annual Salary,," 47,293 "," 39,583 "," 42,858 "," 46,569 "," 51,394 "," 55,650 ",
108054,Garbage Truck Driver,ERI Assessor Databases,Incentive/Variable Pay,, 817 , 689 , 745 , 810 , 893 , 968 ,
108054,Garbage Truck Driver,ERI Assessor Databases,Total Direct Annual Compensation,," 48,110 "," 40,272 "," 43,603 "," 47,379 "," 52,287 "," 56,618 ",
108054,Garbage Truck Driver,Survey Participant Databases,Annual Salary,,  ,  ,  ,  ,  ,  ,
108054,Garbage Truck Driver,Survey Participant Databases,Incentive/Variable Pay,,  ,  ,  ,  ,  ,  ,
108054,Garbage Truck Driver,Survey Participant Databases,Total Direct Annual Compensation,,  ,  ,  ,  ,  ,  ,
